{"Layer_0": {"weights": [[0.0, 0.0], [0.0, 0.0]], "biases": [0.0, 0.0], "previousLayer_size": 2, "layer_size": 2, "activation_func": "leaky_relu", "layer_type": "input"}, "Layer_1": {"weights": [[1.1672814956976363, 1.47067529732357], [-1.8851933935854552, 1.736314218062375], [1.5770736905836653, -1.713524016618352], [-1.5486009561680152, -1.4165797624809666]], "biases": [-1.1430606217195387, 0.013048040125817678, 0.0062479114254047445, 1.4462588248996164], "previousLayer_size": 2, "layer_size": 4, "activation_func": "leaky_relu", "layer_type": "hidden"}, "Layer_2": {"weights": [[-1.5536318003786278, 1.811412756300747, 1.6461588258721538, -1.801891978836902], [1.5527967734200725, -1.8108268954890911, -1.645923815894328, 1.8010001512742047]], "biases": [-0.06929586841817496, 0.06969146657591345], "previousLayer_size": 4, "layer_size": 2, "activation_func": "tanh", "layer_type": "output"}}